0,name0,34
1,name1,46
2,name2,45
3,name3,47
4,name4,46
5,name5,30
6,name6,45
7,name7,23
8,name8,45
9,name9,30
10,name10,24
11,name11,26
12,name12,39
13,name13,45
14,name14,26
15,name15,27
16,name16,35
17,name17,48
18,name18,39
19,name19,30
20,name20,43
21,name21,40
22,name22,41
23,name23,25
24,name24,47
25,name25,45
26,name26,43
27,name27,31
28,name28,29
29,name29,36
30,name30,44
31,name31,38
32,name32,41
33,name33,25
34,name34,26
35,name35,35
36,name36,26
37,name37,43
38,name38,31
39,name39,28
40,name40,35
41,name41,34
42,name42,39
43,name43,38
44,name44,47
45,name45,32
46,name46,23
47,name47,43
48,name48,25
49,name49,30
50,name50,44
51,name51,28
52,name52,34
53,name53,40
54,name54,23
55,name55,35
56,name56,35
57,name57,42
58,name58,36
59,name59,43
60,name60,38
61,name61,39
62,name62,39
63,name63,28
64,name64,32
65,name65,29
66,name66,29
67,name67,37
68,name68,39
69,name69,34
70,name70,23
71,name71,39
72,name72,49
73,name73,24
74,name74,23
75,name75,44
76,name76,34
77,name77,38
78,name78,25
79,name79,43
80,name80,27
81,name81,27
82,name82,39
83,name83,37
84,name84,41
85,name85,42
86,name86,36
87,name87,49
88,name88,46
89,name89,27
90,name90,37
91,name91,31
92,name92,48
93,name93,42
94,name94,23
95,name95,49
96,name96,45
97,name97,41
98,name98,35
99,name99,27
